{
  "best_params": {
    "partial_tp_trigger": 0.015,
    "partial_tp_remaining": 0.03,
    "min_time_in_mode": 0.5,
    "adx_mr_threshold": 20,
    "adx_tf_threshold": 24
  },
  "train_metrics": {
    "roi": -1.0379731963070071,
    "sharpe": 0.6383362149842627,
    "winrate": 57.14285714285714,
    "trades": 7,
    "avg_win": 1.3541923123584423,
    "avg_loss": -0.9629728220519871,
    "final_balance": 98.96202680369299
  },
  "test_metrics": {
    "roi": -0.6863681597732523,
    "sharpe": 1.1707717635442172,
    "winrate": 70.0,
    "trades": 10,
    "avg_win": 2.3704568434532254,
    "avg_loss": -2.4414724576941533,
    "final_balance": 99.31363184022675
  }
}