{
  "timestamp": "20251016_164859",
  "total_symbols": 4,
  "average_return": -2.040869411623871,
  "overall_win_rate": 0.0,
  "total_trades": 5,
  "winning_trades": 0,
  "losing_trades": 5,
  "average_drawdown": 0.2368171771392487,
  "average_sharpe": -86.6428707279218,
  "average_holding_hours": 10.5625
}